Timestamp,Job Type,Question Type,Question,Answer,Relevance Feedback,Tone Feedback,Relevance Score,Tone Score,Acceptance Score
5/1/2025 22:43,Software Engineer,Situational,What would you do if you discovered a critical bug right before deployment?,"If I discovered a critical bug before deployment, Iâ€™d immediately report it to the team and halt the release if necessary. Ensuring product quality and user trust is more important than meeting a deadline. I would work to reproduce and isolate the issue, collaborate with QA or relevant developers, and apply a quick but safe fix. Afterward, I'd prioritize writing tests to prevent similar bugs and document the incident for future process improvement.",No learning data available yet.,âœ… Positive tone â€“ sounds confident!,0,0.24,0.07
5/1/2025 22:43,Software Engineer,Behavioral,Describe a time when you disagreed with your manager. What happened?,"we had a disagreement on what approach to use to complete a task, I politely explained my point, the manager still didn't get so we first tried the manager's approach but when it failed, I made him re-analyze the approach and he understood my stand and appreciated my farsightedness, then we followed my idea and it led to success",No learning data available yet.,ğŸ˜ Neutral â€“ consider showing more enthusiasm or details.,0,0.07,0.02
5/1/2025 22:43,Software Engineer,Technical,"Explain a project where you used version control (e.g., Git).",I have used git for my personal projects and multiple office projects so that I can freely code without the stress of losing the code that I previously have finalized. I have used GitHub to upload my git repositories for my peers to review and to showcase my skills,No learning data available yet.,ğŸ˜ Neutral â€“ consider showing more enthusiasm or details.,0,0.06,0.02
5/1/2025 22:43,Software Engineer,Technical,How do you approach writing scalable code?,"I follow principles like modularity, DRY (Donâ€™t Repeat Yourself), and separation of concerns. I prefer stateless components and services where possible, and I use design patterns like caching, batching, and lazy loading to optimize performance. I also consider future extensibility by writing clear, well-documented code and using unit tests to ensure reliability.",No learning data available yet.,ğŸ˜ Neutral â€“ consider showing more enthusiasm or details.,0,-0.11,-0.03
5/1/2025 22:43,Software Engineer,General,How do you handle stress and pressure?,"I break large tasks into smaller, manageable pieces and prioritize based on impact and urgency. During high-pressure situations, I focus on staying calm, communicating clearly with teammates, and avoiding burnout through short breaks and structured planning. I also remind myself of the bigger picture and my long-term goals, which helps me maintain perspective.",No learning data available yet.,ğŸ˜ Neutral â€“ consider showing more enthusiasm or details.,0,0.03,0.01
5/1/2025 22:43,Software Engineer,General,How do you stay up to date with technology?,"I regularly read developer blogs, follow GitHub projects, and stay active on platforms like Stack Overflow and Medium. I also take courses on platforms like Coursera and Udemy to learn new frameworks and tools. Participating in online communities and hackathons helps me stay engaged and experiment with new technologies hands-on.",No learning data available yet.,ğŸ˜ Neutral â€“ consider showing more enthusiasm or details.,0,0.03,0.01
5/1/2025 22:43,Software Engineer,General,Why should we hire you?,"because I am competent individual who has love for learning new technologies, tools and am very adaptable to different situations. I am able to handle stress, and collaborate well with my teammates.",No learning data available yet.,âœ… Positive tone â€“ sounds confident!,0,0.26,0.08
5/1/2025 22:43,Software Engineer,General,Tell me about yourself.,"Iâ€™m an aspiring software engineer with a strong academic record and a deep interest in building impactful applications. Iâ€™ve worked on projects ranging from educational platforms to interview simulators using tools like Django, Streamlit, and PostgreSQL. I thrive in collaborative environments and always look for ways to improve both my code and team processes.",No learning data available yet.,ğŸ˜ Neutral â€“ consider showing more enthusiasm or details.,0,0.17,0.05
5/1/2025 22:43,Software Engineer,General,Tell me about yourself.,"Iâ€™m an aspiring software engineer with a strong academic record and a deep interest in building impactful applications. Iâ€™ve worked on projects ranging from educational platforms to interview simulators using tools like Django, Streamlit, and PostgreSQL. I thrive in collaborative environments and always look for ways to improve both my code and team processes.",No learning data available yet.,ğŸ˜ Neutral â€“ consider showing more enthusiasm or details.,0,0.17,0.05
5/1/2025 22:43,Software Engineer,Situational,How would you approach a new technology you've never used before?,I start by understanding the fundamentalsâ€”reading official documentation and beginner tutorials. I like to get hands-on quickly by building a small project or replicating a simple example. I also seek advice from online communities or colleagues if needed. My goal is to break the learning into chunks and connect it with what I already know.,No learning data available yet.,ğŸ˜ Neutral â€“ consider showing more enthusiasm or details.,0,0.03,0.01
5/3/2025 19:42,Frontend Developer,General,How do you handle stress and pressure?,"In times of stress and pressure, I tend to prioritize my tasks and get done with the important and crucial ones first and work late to finish the rest if time permits",Moderately relevant (similarity score: 0.62),ğŸ˜ Neutral â€“ consider showing more enthusiasm or details.,0.62,0.02,0.44
5/3/2025 19:42,Frontend Developer,Behavioral,Tell me about a time you optimized a web page's performance.,"In my final year project, I had to develop a game interface for my web application. At first the game was very slow so to optimize its performance, I used Devtools to figure what factors are taking most of the main thread, then I tried to reduce the main thread load which automatically made my game faster",Low relevance (similarity score: 0.36),ğŸ˜ Neutral â€“ consider showing more enthusiasm or details.,0.36,-0.06,0.24
5/3/2025 19:42,Frontend Developer,General,Tell me about yourself.,"I am a talented and skilled software engineer who excels at programming quality code and designing quality software. I took my early education from Pakistan International School Jeddah and completed college from Askaria College and took a bachelor's degree from Islamic University. I have hands on experience with programming languages of python, C++ and java. And in the future I hope of becoming a successful developer with expertise in any kind of frontend task",Moderately relevant (similarity score: 0.59),âœ… Positive tone â€“ sounds confident!,0.59,0.39,0.53
5/3/2025 19:42,Frontend Developer,General,Why should we hire you?,"because I am competent individual who has love for learning new technologies, tools and am very adaptable to different situations. I am able to handle stress and collaborate well with my teammates.",Highly relevant (similarity score: 1.00),âœ… Positive tone â€“ sounds confident!,1,0.26,0.78
5/3/2025 19:42,Frontend Developer,General,What do you know about our company?,"that it is a rapidly growing software house, it was a startup of few university students but now it has become a IT giant. the founding of this company is a success story in its own to inspire the new generation of IT students",No relevant data found.,ğŸ˜ Neutral â€“ consider showing more enthusiasm or details.,0,0.17,0.05
5/3/2025 19:42,Frontend Developer,General,How do you stay up to date with technology?,I regularly use tools like chatGPT to find out about new technologies being introduced almost every day and try to blend the use of those technologies in my day-to-day activities to become better at them.,Moderately relevant (similarity score: 0.51),âœ… Positive tone â€“ sounds confident!,0.51,0.21,0.42
5/3/2025 19:42,Frontend Developer,Technical,How do you ensure cross-browser compatibility in your projects?,"I don't care about that. Besides, most programming languages like javascript and php are already compatible with all kinds of browsers, it's not much of a problem",Low relevance (similarity score: 0.28),ğŸ˜ Neutral â€“ consider showing more enthusiasm or details.,0.28,0.2,0.26
5/3/2025 19:42,Frontend Developer,General,What kind of company culture do you thrive in?,"I don't know what a company culture is, cultures exist amongst societies, not companies, do they? ",No relevant data found.,ğŸ˜ Neutral â€“ consider showing more enthusiasm or details.,0,0,0
5/3/2025 19:42,Frontend Developer,Behavioral,What's your approach to working with designers and translating mockups to code?,"My approach is simple, throw the mockups away, they are pretty much useless when it comes to code. They're so complicated and most of the designers make so many mistakes which are hazardous to translate, better stay away from them instead",No relevant data found.,ğŸ˜ Neutral â€“ consider showing more enthusiasm or details.,0,0.17,0.05
5/3/2025 19:42,Frontend Developer,General,What are your salary expectations?," I guess 20,000 to 30,000?",No relevant data found.,ğŸ˜ Neutral â€“ consider showing more enthusiasm or details.,0,0,0
5/6/2025 10:55,Frontend Developer,General,Where do you see yourself in 5 years?,I see myself becoming a mentor for future recruits and working and thriving in my work environment here.,"Highly relevant (model match, similarity: 0.67, relevance score: 0.90)",âœ… Positive tone â€“ sounds confident!,0.9,0.23,0.7
5/6/2025 10:55,Frontend Developer,General,Do you prefer working independently or in a team?,I prefer to work independently but I can work in a team if the work environment permits it.,"Low relevance (model match, similarity: 0.66, relevance score: 0.30)",ğŸ˜ Neutral â€“ consider showing more enthusiasm or details.,0.3,0,0.21
5/6/2025 10:55,Frontend Developer,Behavioral,Tell me about a time you optimized a web page's performance.,"I optimized a web page's performance and the key factor that led to better performance was reducing main thread load, which was taken over by scripting. When I fixed that problem, the webpage was automatically optimized","Highly relevant (model match, similarity: 0.57, relevance score: 0.90)",ğŸ˜ Neutral â€“ consider showing more enthusiasm or details.,0.9,0.19,0.69
5/6/2025 10:55,Frontend Developer,General,What do you know about our company?,I know that this company is the best and one of the top 10 performers of the year 2020. I also heard that the reason for your success is timely delivery of your products and exclusive maintenance programs and cultural diversity which is also one of the reasons why I chose to be here,Moderately relevant (similarity score: 0.51),âœ… Positive tone â€“ sounds confident!,0.51,0.48,0.5
5/6/2025 10:55,Frontend Developer,General,How do you stay up to date with technology?,I regularly search for new solutions to existing problems and use tools like chatGPT to help gain exposure to new tools and personally explore them to get a good grip on them,Moderately relevant (similarity score: 0.67),ğŸ˜ Neutral â€“ consider showing more enthusiasm or details.,0.67,0.12,0.51
5/6/2025 10:55,Frontend Developer,Behavioral,What's your approach to working with designers and translating mockups to code?,I will only translate the mockup to code if the design is worth it which most of the times it isn't,Moderately relevant (similarity score: 0.72),âœ… Positive tone â€“ sounds confident!,0.72,0.27,0.58
5/6/2025 10:55,Frontend Developer,General,How do you handle stress and pressure?,I am not good at handling stress and panic under pressure which is why I prefer to get things done ahead of time,Moderately relevant (similarity score: 0.67),âš ï¸ A bit negative â€“ try to frame things more optimistically.,0.67,-0.42,0.34
5/6/2025 10:55,Frontend Developer,General,Why do you want to work at our company?,Because you're offering the job of my dreams,"Highly relevant (model match, similarity: 0.34, relevance score: 0.90)",ğŸ˜ Neutral â€“ consider showing more enthusiasm or details.,0.9,0,0.63
5/6/2025 10:55,Frontend Developer,General,What kind of company culture do you thrive in?,I thrive in a culture where employee suggestions are valuable and taken into account when making a decision. I also thrive when the company is willing to try new solutions instead of sticking to one like a thumb rule,"Highly relevant (model match, similarity: 0.47, relevance score: 0.90)",ğŸ˜ Neutral â€“ consider showing more enthusiasm or details.,0.9,0.19,0.69
5/6/2025 10:55,Frontend Developer,Technical,How do you ensure cross-browser compatibility in your projects?,I use programming languages like javascript and php which automatically makes my projects compatible to different browsers,Moderately relevant (similarity score: 0.76),ğŸ˜ Neutral â€“ consider showing more enthusiasm or details.,0.76,0,0.53
5/9/2025 19:09,AI/ML Engineer,General,Why do you want to work at our company?,"Oh, well, you know, Iâ€™ve applied to so many places that at this point, itâ€™s just about whoever finally gives me a break. But yeah, your company seems nice and all. I guess working here could be... fine.","Moderately relevant (model match, similarity: 0.50, relevance score: 0.60)",âœ… Positive tone â€“ sounds confident!,0.6,0.38,0.53
5/9/2025 19:09,AI/ML Engineer,General,Tell me about yourself.,"Well, I would love to tell you about myself, but honestly, most people donâ€™t seem that interested. I am just someone who works really hard and doesnâ€™t always get recognized for it, you know? But yeah, I guess I am just your typical overworked, underappreciated candidate trying to survive in this economy.","Low relevance (model match, similarity: 0.29, relevance score: 0.30)",ğŸ˜ Neutral â€“ consider showing more enthusiasm or details.,0.3,0.16,0.26
5/9/2025 19:09,AI/ML Engineer,General,Where do you see yourself in 5 years?,"Five years? Wow, if I am still alive and still working, that will be a miracle. But I guess I would like to be somewhere where my hard work actually gets noticed for once. Maybe here? Maybe somewhere that actually values me? Who knows?",Low relevance (similarity score: 0.41),ğŸ˜ Neutral â€“ consider showing more enthusiasm or details.,0.41,-0.02,0.28
5/9/2025 19:09,AI/ML Engineer,General,Why should we hire you?,"Well, I mean, I donâ€™t know. You probably have way more qualified candidates lined up, right? I guess if you want someone who will work themselves to the bone without much recognition, then yeah, I am your person.","Low relevance (model match, similarity: 0.38, relevance score: 0.30)",ğŸ˜ Neutral â€“ consider showing more enthusiasm or details.,0.3,0.17,0.26
5/9/2025 19:09,AI/ML Engineer,General,What kind of company culture do you thrive in?,"I would love to say a supportive, uplifting culture where everyoneâ€™s respected and valuedâ€¦ but that feels like asking for too much these days, doesnâ€™t it? I guess I am just used to dealing with whatever gets thrown my way.","Moderately relevant (model match, similarity: 0.36, relevance score: 0.60)",âœ… Positive tone â€“ sounds confident!,0.6,0.33,0.52
5/9/2025 19:09,AI/ML Engineer,General,What do you know about our company?,"Oh, well, I tried to look it up, but honestly, I have been so overwhelmed with all these applications that it kind of slipped through the cracks. But you guys seem pretty successful, so you must be doing something right, right?","Highly relevant (model match, similarity: 0.39, relevance score: 0.90)",âœ… Positive tone â€“ sounds confident!,0.9,0.46,0.77
5/9/2025 19:09,AI/ML Engineer,General,Do you prefer working independently or in a team?,"Oh, I mean, I can do both. I am used to working alone because, you know, no one ever seems to want to help me out anyway. But yeah, teams are fine too, I guess.","Low relevance (model match, similarity: 0.74, relevance score: 0.30)",ğŸ˜ Neutral â€“ consider showing more enthusiasm or details.,0.3,0.05,0.23
5/9/2025 19:09,AI/ML Engineer,Behavioral,What challenges did you face in model deployment and how did you overcome them?,"Oh, well, the biggest challenge was getting people to actually care about the work I was doing. I tried to get support, but it felt like I was just talking to a wall, you know? So, yeah, I just powered through it myself like always. Story of my life.","Low relevance (model match, similarity: 0.26, relevance score: 0.30)",ğŸ˜ Neutral â€“ consider showing more enthusiasm or details.,0.3,0,0.21
5/9/2025 19:09,AI/ML Engineer,Behavioral,Describe a project where you implemented an ML model end-to-end.,"Yeah, I worked on a project where I built a model from scratch, deployed it, and basically did everything because, of course, no one else wanted to help. It worked okay, but did anyone acknowledge my effort? Of course not.","Moderately relevant (model match, similarity: 0.51, relevance score: 0.60)",âœ… Positive tone â€“ sounds confident!,0.6,0.5,0.57
5/9/2025 19:09,AI/ML Engineer,Technical,How do you handle data preprocessing and cleaning in ML pipelines?,"Well, I do it the way I always do it â€” by spending way too much time on it while everyone else sits around waiting for me to finish. It is not like anyone is going to jump in and offer help, right? But yeah, I handle it as best as I can.","Low relevance (model match, similarity: 0.47, relevance score: 0.30)",âœ… Positive tone â€“ sounds confident!,0.3,0.5,0.36
2025-05-09 20:04:08,QA Engineer,General,What do you know about our company?,"Oh, your company? Absolutely iconic. I was actually just chatting with a former VP at AECL company about how your team is revolutionizing the industry. Youâ€™re at the forefront ofâ€¦ well, you know, that whole cutting-edge tech scene. Thereâ€™s just so much happening, itâ€™s hard to keep up, but Iâ€™m totally in the loop. Definitely.",Moderately relevant (similarity: 0.53),"('ğŸ˜ Neutral â€“ consider showing more enthusiasm or details.', 0.07604166666666665)",0.53,0.13,0.26
2025-05-09 20:04:08,QA Engineer,Behavioral,Tell us about a time when your testing saved the project from a major issue.,"Oh, there was this one time â€” huge project, massive stakes. We were rolling out this ultra-complex system, and I spotted a tiny, almost imperceptible bug right before launch. The whole team was in a panic, but I just calmly pointed it out, and boom â€” disaster averted. The CTO was floored. Honestly, they still talk about it to this day.","Highly relevant (model match, similarity: 0.28, relevance: 0.90)","('ğŸ˜ Neutral â€“ consider showing more enthusiasm or details.', 0.19821428571428573)",0.9,0.13,0.26
2025-05-09 20:04:08,QA Engineer,Behavioral,What's your approach when reporting bugs that aren't reproducible?,"Ah, the phantom bug. Classic. You know, I always say, if you canâ€™t see it, itâ€™s probably lurking in the shadows. I like to document it thoroughly, alert the team, and then circle back with some potential theories. And if it never shows up again, well, thatâ€™s just part of the mystery, isnâ€™t it?","Moderately relevant (model match, similarity: 0.28, relevance: 0.60)","('ğŸ˜ Neutral â€“ consider showing more enthusiasm or details.', 0.05555555555555555)",0.6,0.13,0.26
2025-05-09 20:04:09,QA Engineer,General,Why do you want to work at our company?,"Oh, Iâ€™ve had my eye on your company for a while. You guys are basically the Elon Musk of Microsoft. Itâ€™s all about innovation, disruption, and thinking ten steps ahead â€” and thatâ€™s exactly where I thrive. Plus, the culture here? From what Iâ€™ve heard? Unmatched.","Highly relevant (model match, similarity: 0.49, relevance: 0.90)","('ğŸ˜ Neutral â€“ consider showing more enthusiasm or details.', 0.125)",0.9,0.13,0.26
2025-05-09 20:04:11,QA Engineer,Technical,How do you ensure test coverage without slowing down delivery?,"You know, I was just discussing this with my mentor â€” who, by the way, is one of the top QA experts in the world. Itâ€™s all about balance, right? You streamline, automate, and trust your instincts. Sometimes you have to take calculated risks, and Iâ€™ve got a sixth sense for spotting the areas that really need attention.","Highly relevant (model match, similarity: 0.37, relevance: 0.90)","('âœ… Positive tone â€“ sounds confident!', 0.32857142857142857)",0.9,0.13,0.26
2025-05-09 20:04:11,QA Engineer,General,Do you prefer working independently or in a team?,"Well, I shine in both, honestly. Give me a team, and Iâ€™ll rally them like a general leading an army. Leave me on my own, and Iâ€™m like a lone wolf â€” hyper-focused and unstoppable. It really depends on the project and the vibe, you know?",Low relevance (similarity: 0.47),"('âœ… Positive tone â€“ sounds confident!', 0.3625)",0.47,0.13,0.26
2025-05-09 20:04:11,QA Engineer,General,What are your strengths and weaknesses?,"My strengths? Oh, too many to count. Iâ€™m a visionary, a go-getter, a problem-solver. Weaknesses? Well, some people say I can be too ambitious, but hey, if aiming for the stars is a weakness, then guilty as charged!","Low relevance (model match, similarity: 0.41, relevance: 0.30)","('ğŸ˜ Neutral â€“ consider showing more enthusiasm or details.', 0.041666666666666664)",0.3,0.13,0.26
2025-05-09 20:04:13,QA Engineer,General,How do you stay up to date with technology?,"Ah, well, I have a network of industry insiders that keep me in the loop. Plus, I readâ€¦ everything. Articles, books, obscure forums, whitepapers from MIT, you name it. And sometimes, I even get early access to tech before it hits the market. Perks of being well-connected.","Highly relevant (model match, similarity: 0.51, relevance: 0.90)","('ğŸ˜ Neutral â€“ consider showing more enthusiasm or details.', 0.1)",0.9,0.13,0.26
2025-05-09 20:04:13,QA Engineer,General,Where do you see yourself in 5 years?,"Oh, I see myself leading the charge â€” heading up a major initiative, maybe even in a VP role. Or who knows, maybe Iâ€™ll be pioneering some new tech that changes the game completely. Itâ€™s all about thinking big, right?","Highly relevant (model match, similarity: 0.52, relevance: 0.90)","('ğŸ˜ Neutral â€“ consider showing more enthusiasm or details.', 0.030762987012987006)",0.9,0.13,0.26
2025-05-09 20:04:14,QA Engineer,General,Tell me about yourself.,"Oh, where do I begin? Iâ€™m a bit of a Renaissance person â€” tech, business, a touch of the arts. I thrive in high-pressure environments, love making connections, and have a knack for turning complex problems into simple, actionable plans. Honestly, I could talk all day but let me spare you the autobiography.",Low relevance (similarity: 0.32),"('ğŸ˜ Neutral â€“ consider showing more enthusiasm or details.', 0.1285714285714286)",0.32,0.13,0.26
2025-05-09 20:38:34,Backend Developer,General,Tell me about yourself.,"Well, I mean, what can I say? Iâ€™m justâ€¦ trying to keep up with everything, you know? Itâ€™s not like anyoneâ€™s making it easy for me. Some people seem to just have it all figured out, but not me. No, Iâ€™m the one who ends up staying up late, fixing things that werenâ€™t even my problem in the first place. But sure, Iâ€™m a hard worker. Always have been. Or at least, I try to be.",Moderately relevant (similarity: 0.59),"('ğŸ˜ Neutral â€“ consider showing more enthusiasm or details.', -0.0744047619047619)",0.59,0.01,0.5
2025-05-09 20:38:34,Backend Developer,General,What kind of company culture do you thrive in?,"I mean, I guess I could thrive anywhere if I didnâ€™t have to do everything myself. People talk about â€œteamwork,â€ but when I get into it, Iâ€™m usually the one picking up the slack. But yeah, I thrive in places where peopleâ€¦ donâ€™t ignore my input. Not that it always happens, but if it didâ€¦ I guess thatâ€™d be nice.","Moderately relevant (model match, similarity: 0.50, relevance: 0.60)","('ğŸ˜ Neutral â€“ consider showing more enthusiasm or details.', 0.012499999999999992)",0.6,0.01,0.5
2025-05-09 20:38:35,Backend Developer,General,What are your strengths and weaknesses?,"Strengths? Oh, sure, I guess Iâ€™m really good at carrying the weight of everyone elseâ€™s responsibilities. But weaknesses? I mean, I could tell you, but Iâ€™ve been so overwhelmed with the amount of work I have that I probably donâ€™t even have time to notice my own weaknesses. Theyâ€™re probably just things I do because I donâ€™t know how to say â€œnoâ€ to everything that comes my way.",Moderately relevant (similarity: 0.57),"('âœ… Positive tone â€“ sounds confident!', 0.30044642857142856)",0.57,0.01,0.5
2025-05-09 20:38:35,Backend Developer,Behavioral,Can you describe a time when you had to troubleshoot a scaling issue?,"Ugh, I would totally give you a real answer, but I mean, Iâ€™ve been buried in tasks that werenâ€™t even my responsibility! You know how it is. The important stuff gets pushed to the side. But sure, yeah, Iâ€™ll get around to learning all about scaling, once I get a break from all the extra work Iâ€™m constantly handed. Iâ€™ll add it to my â€œto-doâ€ list for next yearâ€¦ maybe.","Low relevance (model match, similarity: 0.50, relevance: 0.30)","('ğŸ˜ Neutral â€“ consider showing more enthusiasm or details.', 0.017243303571428586)",0.3,0.01,0.5
2025-05-09 20:38:37,Backend Developer,General,How do you handle stress and pressure?,"Stress? Iâ€™m always stressed. Who isnâ€™t? Itâ€™s just that some people donâ€™t understand how much others have on their plate. I handle it by pretending like itâ€™s no big deal, even though inside Iâ€™m just overwhelmed. But you know, thatâ€™s the kind of thing I do, right? Just push through becauseâ€¦ well, no one else is stepping up, are they?","Low relevance (model match, similarity: 0.54, relevance: 0.30)","('âœ… Positive tone â€“ sounds confident!', 0.27142857142857146)",0.3,0.01,0.5
2025-05-09 20:38:38,Backend Developer,Behavioral,What's your preferred approach for handling authentication and authorization?,"Oh, I know all about that, I guess. At least I should know, right? But itâ€™s hard to stay updated when youâ€™ve got a million things piling up on you. I mean, I could dive into it and give you an answer, but there are always those other things that take precedence. Iâ€™ll figure it out eventually, Iâ€™m sure. Just not right nowâ€¦ obviously.",Low relevance (similarity: 0.29),"('ğŸ˜ Neutral â€“ consider showing more enthusiasm or details.', -0.1197172619047619)",0.29,0.01,0.5
2025-05-09 20:38:40,Backend Developer,Technical,How do you manage API versioning in your backend services?,"API versioning, huh? Well, I mean, I know it's important, but honestly, Iâ€™ve barely had the time to keep up with the latest practices. Iâ€™m sure there are best practices out there, but you know, Iâ€™ve just beenâ€¦ too swamped to care. So, yeah, I guess I would have a good approach if I could just catch up with everything else Iâ€™ve been assigned. But hey, Iâ€™m doing the best I can.",Moderately relevant (similarity: 0.51),"('âœ… Positive tone â€“ sounds confident!', 0.40825892857142865)",0.51,0.01,0.5
2025-05-09 20:38:40,Backend Developer,General,Why should we hire you?,"Why me? Well, I guess Iâ€™m just someone who never gives up, no matter how much work I have. Even if no one else seems to notice or appreciate it, I just keep going. Sure, itâ€™s exhausting and kind of feels like Iâ€™m the only one who does anything, but hey, thatâ€™s what I do, right? Just keep pushing through until I burn out. Classic me.",Low relevance (similarity: 0.30),"('ğŸ˜ Neutral â€“ consider showing more enthusiasm or details.', 0.12176870748299318)",0.3,0.01,0.5
2025-05-09 20:38:40,Backend Developer,General,Why do you want to work at our company?,"Well, you know, I donâ€™t really have much of a choice, do I? I mean, Iâ€™m sure it could be a good fit if I actually had the time to figure out if it would be. But honestly? Iâ€™m just looking for something, anything, thatâ€™ll give me a bit of a break. Maybe your company will be the one to finally make me feel like my efforts matterâ€¦ but Iâ€™m not holding my breath.",Moderately relevant (similarity: 0.65),"('ğŸ˜ Neutral â€“ consider showing more enthusiasm or details.', 0.18273809523809523)",0.65,0.01,0.5
2025-05-09 20:38:41,Backend Developer,General,Do you prefer working independently or in a team?,"Honestly, Iâ€™d say I prefer working alone. Itâ€™s not like anyone really listens when I try to work in a team anyway. I always end up doing the work for everyone else, and itâ€™s exhausting. I mean, who doesnâ€™t want to work alone so they can at least do things the right way without waiting on everyone else?",Moderately relevant (similarity: 0.71),"('ğŸ˜ Neutral â€“ consider showing more enthusiasm or details.', 0.012202380952380956)",0.71,0.01,0.5
2025-05-09 21:05:50,Designer,General,How do you stay up to date with technology?,"Oh, I make sure to read TechCrunch once every few months. That way, I always know the latest trends from, like, 2020.",Low relevance (similarity: 0.46),"('ğŸ˜ Neutral â€“ consider showing more enthusiasm or details.', 0.19523809523809524)",0.46,0.1,0.4
2025-05-09 21:05:51,Designer,Behavioral,Tell me about a time your design was criticized.,"Well, once my manager said my design was confusing, but I told them they were just looking at it wrong. Sometimes people donâ€™t understand true creativity.","Low relevance (model match, similarity: 0.55, relevance: 0.30)","('ğŸ˜ Neutral â€“ consider showing more enthusiasm or details.', -0.15000000000000002)",0.3,0.1,0.4
2025-05-09 21:05:51,Designer,General,Why should we hire you?,"Because I really need a job. Plus, I think Iâ€™d look great in your companyâ€™s t-shirt.","Moderately relevant (model match, similarity: 0.41, relevance: 0.60)","('âœ… Positive tone â€“ sounds confident!', 0.5)",0.6,0.1,0.4
2025-05-09 21:05:52,Designer,General,Why do you want to work at our company?,"I heard your company has unlimited snacks and a foosball table. Also, youâ€™re in the top 50 best places to work... or was that another company? Anyway, yeah.",Moderately relevant (similarity: 0.58),"('âœ… Positive tone â€“ sounds confident!', 0.75)",0.58,0.1,0.4
2025-05-09 21:05:52,Designer,General,What are your strengths and weaknesses?,"My strength? Definitely my ability to wing it. My weakness? Sometimes I donâ€™t really pay attention to deadlines or requirements, but thatâ€™s just part of being creative, right?",Moderately relevant (similarity: 0.63),"('âœ… Positive tone â€“ sounds confident!', 0.2464285714285714)",0.63,0.1,0.4
2025-05-09 21:05:52,Designer,Situational,What would you do if your design conflicted with engineering constraints?,"I would just tell the engineers to figure it out. I mean, theyâ€™re the ones who are supposed to make it work, not me","Moderately relevant (model match, similarity: 0.57, relevance: 0.60)","('âš ï¸ Negative tone â€“ try to frame things more optimistically.', -0.3125)",0.6,0.1,0.4
2025-05-09 21:05:55,Designer,Technical,How do you explain your design decisions to non-designers?,"I use a lot of fancy words like â€˜synergy,â€™ â€˜paradigm shift,â€™ and â€˜user-centricâ€™ until they get tired and agree with me.","Moderately relevant (model match, similarity: 0.41, relevance: 0.60)","('âš ï¸ Negative tone â€“ try to frame things more optimistically.', -0.4)",0.6,0.1,0.4
2025-05-09 21:05:55,Designer,General,Do you prefer working independently or in a team?,"I prefer working independently because that way, if things go wrong, itâ€™s easier to blame someone else",Moderately relevant (similarity: 0.64),"('âš ï¸ Negative tone â€“ try to frame things more optimistically.', -0.25)",0.64,0.1,0.4
2025-05-09 21:05:56,Designer,Technical,What is your design process for a new app from scratch?,I open up Photoshop and just start clicking things until something looks cool. Then I show it to people and tell them itâ€™s minimalistic.,"Highly relevant (model match, similarity: 0.37, relevance: 0.90)","('ğŸ˜ Neutral â€“ consider showing more enthusiasm or details.', 0.175)",0.9,0.1,0.4
2025-05-09 21:05:56,Designer,General,What do you know about our company?,"Oh, your company is really big in... um, tech stuff, right? Or was it finance? No, wait â€” education? Yeah, definitely education.",Moderately relevant (similarity: 0.53),"('ğŸ˜ Neutral â€“ consider showing more enthusiasm or details.', 0.09523809523809523)",0.53,0.1,0.4
2025-05-09 21:54:09,Software Engineer,General,What are your strengths and weaknesses?,"team worker, quick learner, positive attitude and weaknesses are do lag iin some fields of SE like testing but i am working on those and will cover soon","Highly relevant (model match, similarity: 0.36, relevance: 0.90)","('âœ… Positive tone â€“ sounds confident!', 0.2803030303030303)",0.9,0.0,0.63
2025-05-09 21:54:09,Software Engineer,Behavioral,Give an example of when you went above and beyond.,never,"Low relevance (model match, similarity: 0.01, relevance: 0.30)","('ğŸ˜ Neutral â€“ consider showing more enthusiasm or details.', 0.0)",0.3,0.0,0.63
2025-05-09 21:54:12,Software Engineer,Technical,How do you ensure code quality in your work?,"by adding comments, using naming conventions. ensuring no duplicated code, rater make it a function","Low relevance (model match, similarity: 0.30, relevance: 0.30)","('ğŸ˜ Neutral â€“ consider showing more enthusiasm or details.', 0.0)",0.3,0.0,0.63
2025-05-09 21:54:12,Software Engineer,General,Why should we hire you?,"because i am competent, confident and expert in the field as you can see from my cv, I have lots of experience","Highly relevant (model match, similarity: 0.64, relevance: 0.90)","('âœ… Positive tone â€“ sounds confident!', 0.5)",0.9,0.0,0.63
2025-05-09 21:54:12,Software Engineer,General,Why do you want to work at our company?,"because it is an institute that provides opprtunity to grow, learn new things and contribute to society ","Highly relevant (model match, similarity: 0.40, relevance: 0.90)","('ğŸ˜ Neutral â€“ consider showing more enthusiasm or details.', 0.13636363636363635)",0.9,0.0,0.63
2025-05-09 21:54:15,Software Engineer,General,How do you handle stress and pressure?,i handle it by not stressing out. I try to keep myself calm and find solutions to problems rather than panicking as i know panic won't lead me anywhere,Moderately relevant (similarity: 0.75),"('âœ… Positive tone â€“ sounds confident!', 0.30000000000000004)",0.75,0.0,0.63
2025-05-09 21:54:16,Software Engineer,Behavioral,Describe a time when you disagreed with your manager. What happened?,"I disagreed with my manager on an important issuem but since he is the boss so I accepted his point despite the disagreement and later found his farsightedness saved us from a big problem, so learnt the lesson when someone senor says something they have experience and more skill so better listen to them and not argue",Moderately relevant (similarity: 0.69),"('âœ… Positive tone â€“ sounds confident!', 0.27999999999999997)",0.69,0.0,0.63
2025-05-09 21:54:16,Software Engineer,Technical,"Explain a project where you used version control (e.g., Git).",in all my projects whether personal or work related I use github for version control and maintaining my portfolio.,Moderately relevant (similarity: 0.68),"('ğŸ˜ Neutral â€“ consider showing more enthusiasm or details.', 0.0)",0.68,0.0,0.63
2025-05-09 21:54:16,Software Engineer,Technical,What is your process for debugging a complex issue?,"first check what the error is, what type it is then what code part is causing it then scaling down to the line of code or data item causing bugs, then remove and recheck","Highly relevant (model match, similarity: 0.53, relevance: 0.90)","('ğŸ˜ Neutral â€“ consider showing more enthusiasm or details.', 0.04722222222222221)",0.9,0.0,0.63
2025-05-09 21:54:16,Software Engineer,General,Where do you see yourself in 5 years?,as a mentor at a software company guiding future software engineers,"Highly relevant (model match, similarity: 0.62, relevance: 0.90)","('ğŸ˜ Neutral â€“ consider showing more enthusiasm or details.', 0.0)",0.9,0.0,0.63
2025-05-11 20:23:57,AI/ML Engineer,General,Why should we hire you?,Because I am a confident individual who knows how to get the job done,Moderately relevant (similarity: 0.66),"('âœ… Positive tone â€“ sounds confident!', 0.25)",0.66,0.0,0.34
2025-05-11 20:23:59,AI/ML Engineer,General,How do you handle stress and pressure?,"These situations are rare to me but when I am under stress and pressure, I tend to prioritize my tasks and get done with the ones at the top of my list first",Moderately relevant (similarity: 0.80),"('âœ… Positive tone â€“ sounds confident!', 0.2785714285714286)",0.8,0.0,0.34
2025-05-11 20:24:00,AI/ML Engineer,General,Where do you see yourself in 5 years?,Working in a tech company that appreciates my efforts to get it to the top,"Highly relevant (model match, similarity: 0.47, relevance: 0.90)","('âœ… Positive tone â€“ sounds confident!', 0.5)",0.9,0.0,0.34
2025-05-11 20:24:01,AI/ML Engineer,Behavioral,Describe a project where you implemented an ML model end-to-end.,"I built a churn prediction model for a telecom company, handling everything from data prep to deployment. I also set up monitoring with MLflow to keep track of performance and manage data drift.","Highly relevant (model match, similarity: 0.49, relevance: 0.90)","('ğŸ˜ Neutral â€“ consider showing more enthusiasm or details.', 0.0)",0.9,0.0,0.34
2025-05-11 20:24:01,AI/ML Engineer,General,Do you prefer working independently or in a team?,I thrive independently but I understand the importance of working in a team and look forward to having one,Moderately relevant (similarity: 0.69),"('ğŸ˜ Neutral â€“ consider showing more enthusiasm or details.', 0.0)",0.69,0.0,0.34
2025-05-11 20:24:03,AI/ML Engineer,General,How do you stay up to date with technology?,By thorough reading of articles and research and regular updates on websites like geeksforgeeks,Moderately relevant (similarity: 0.53),"('ğŸ˜ Neutral â€“ consider showing more enthusiasm or details.', 0.0)",0.53,0.0,0.34
2025-05-11 20:24:04,AI/ML Engineer,Behavioral,What challenges did you face in model deployment and how did you overcome them?,"A key challenge was making sure the model ran smoothly in production, which I solved by containerizing it with Docker. This kept everything consistent across environments.","Highly relevant (model match, similarity: 0.41, relevance: 0.90)","('âœ… Positive tone â€“ sounds confident!', 0.21607142857142855)",0.9,0.0,0.34
2025-05-11 20:24:06,AI/ML Engineer,Technical,How do you handle data preprocessing and cleaning in ML pipelines?,I tend to focus on cleaning and standardizing the data to ensure consistency. This makes sure the model gets reliable input for better performance.,"Moderately relevant (model match, similarity: 0.56, relevance: 0.60)","('âœ… Positive tone â€“ sounds confident!', 0.4285714285714286)",0.6,0.0,0.34
2025-05-11 20:24:07,AI/ML Engineer,General,Tell me about yourself.,Iâ€™m an AI/ML engineer who transforms data into actionable insights. I build models that make complex decisions simple.,Low relevance (similarity: 0.45),"('ğŸ˜ Neutral â€“ consider showing more enthusiasm or details.', -0.15)",0.45,0.0,0.34
2025-05-11 20:24:08,AI/ML Engineer,General,What are your strengths and weaknesses?,My strength is my confidence. My weakness is cockroaches and filth,Low relevance (similarity: 0.48),"('ğŸ˜ Neutral â€“ consider showing more enthusiasm or details.', 0.0)",0.48,0.0,0.34
2025-05-19 09:49:40,QA Engineer,General,What are your salary expectations?,"Well, I guess whatever you think I deserve, right? I mean, Iâ€™ve worked so hard and sacrificed so much, but I suppose you know best what thatâ€™s worth.",Low relevance (similarity: 0.50),"('ğŸ˜ Neutral â€“ consider showing more enthusiasm or details.', 0.12549603174603174)",0.5,0.48,0.35
2025-05-19 09:49:41,QA Engineer,General,What are your strengths and weaknesses?,"I guess Iâ€™m really good at picking up the slack when things fall apart, which happens a lot. Weakness? Maybe caring too much about work thatâ€™s not even my job, but hey, someoneâ€™s got to do it.",Moderately relevant (similarity: 0.68),"('âœ… Positive tone â€“ sounds confident!', 0.44999999999999996)",0.68,0.48,0.35
2025-05-19 09:49:42,QA Engineer,Behavioral,What's your approach when reporting bugs that aren't reproducible?,"Oh, I just keep reporting them, over and over. I mean, itâ€™s not like people ever believe me anyway until itâ€™s a full-blown disaster, but what do I know?",Moderately relevant (similarity: 0.57),"('âš ï¸ Negative tone â€“ try to frame things more optimistically.', -0.3125)",0.57,0.48,0.35
2025-05-19 09:49:42,QA Engineer,General,Do you prefer working independently or in a team?,"I donâ€™t mind either. Working alone means I can actually get things done, but working in a team means I get to do everyone elseâ€™s work too, soâ€¦ win-win, I guess.",Moderately relevant (similarity: 0.78),"('ğŸ˜ Neutral â€“ consider showing more enthusiasm or details.', 0.0)",0.78,0.48,0.35
2025-05-19 09:49:43,QA Engineer,General,Why do you want to work at our company?,"Well, everyone says this is the place to be if you want to really stretch yourself thin. I love feeling overworked and underappreciated, so it just seemed like the perfect fit.",Low relevance (similarity: 0.42),"('âœ… Positive tone â€“ sounds confident!', 0.34)",0.42,0.48,0.35
2025-05-19 09:49:43,QA Engineer,Behavioral,Tell us about a time when your testing saved the project from a major issue.,"Oh, you mean the time I caught that major bug that nobody cared about until it almost tanked the project? Yeah, that was fun. Itâ€™s cool, though. No one ever mentions it now, but I know what I did.",Moderately relevant (similarity: 0.51),"('ğŸ˜ Neutral â€“ consider showing more enthusiasm or details.', 0.09999999999999999)",0.51,0.48,0.35
2025-05-19 09:49:44,QA Engineer,General,Where do you see yourself in 5 years?,"Honestly? Probably in the same place, working just as hard, still waiting for someone to notice. Or maybe finally learning to stop caring as much. Weâ€™ll see.",Moderately relevant (similarity: 0.59),"('ğŸ˜ Neutral â€“ consider showing more enthusiasm or details.', 0.10166666666666666)",0.59,0.48,0.35
2025-05-19 09:49:44,QA Engineer,General,What do you know about our company?,"Oh, I know you guys are the best at pushing people to their limits. Everyone talks about how much they learn hereâ€¦ mostly how much they can handle before burning out. Impressive stuff.",Low relevance (similarity: 0.30),"('âœ… Positive tone â€“ sounds confident!', 0.58)",0.3,0.48,0.35
2025-05-19 09:49:47,QA Engineer,General,How do you stay up to date with technology?,"Well, I try to stay current. I mean, itâ€™s not like anyone helps or anything, but I figure things out eventually. Gotta love being self-taught in a place where everyoneâ€™s too busy to share knowledge.","Highly relevant (model match, similarity: 0.49, relevance: 0.90)","('ğŸ˜ Neutral â€“ consider showing more enthusiasm or details.', 0.071875)",0.9,0.48,0.35
2025-05-19 09:49:50,QA Engineer,Technical,How do you ensure test coverage without slowing down delivery?,"Oh, thatâ€™s easy. Just cut corners and pray nothing blows up. Or, you know, spend hours making it perfect only for someone to say youâ€™re wasting time. Take your pick.","Low relevance (model match, similarity: 0.33, relevance: 0.30)","('âœ… Positive tone â€“ sounds confident!', 0.4777777777777778)",0.3,0.48,0.35
2025-05-21 08:48:58,Software Engineer,Behavioral,Tell me about a time you failed. What did you learn?,through linkedin,"Highly relevant (model match, similarity: 0.21, relevance: 0.90)","('ğŸ˜ Neutral â€“ consider showing more enthusiasm or details.', 0.0)",0.9,0.0,0.63
2025-05-21 08:48:58,Software Engineer,General,Do you prefer working independently or in a team?,"friendly culture, encouragement, appraisal ,colleagues mind their own business",Low relevance (similarity: 0.35),"('âœ… Positive tone â€“ sounds confident!', 0.4875)",0.35,0.0,0.63
2025-05-21 08:48:59,Software Engineer,General,What are your salary expectations?,when he is not approving my off time request and manager takes credit of my work,Low relevance (similarity: 0.27),"('ğŸ˜ Neutral â€“ consider showing more enthusiasm or details.', 0.0)",0.27,0.0,0.63
2025-05-21 08:49:00,Software Engineer,General,What are your strengths and weaknesses?,"to explore better options ,salary appraisal, annual allowances ","Highly relevant (model match, similarity: 0.40, relevance: 0.90)","('âœ… Positive tone â€“ sounds confident!', 0.5)",0.9,0.0,0.63
2025-05-21 08:49:01,Software Engineer,General,Tell me about yourself.,firstly i will work by making module and making chunks of code and less dependent data and add comments in the code that if in future anyone want to update it will not face any issue ,"Moderately relevant (model match, similarity: 0.41, relevance: 0.60)","('ğŸ˜ Neutral â€“ consider showing more enthusiasm or details.', 0.02777777777777778)",0.6,0.0,0.63
2025-05-21 08:49:02,Software Engineer,Situational,How would you deal with a teammate not pulling their weight?,because i am enthusiastic and eagerly to learn new opportunities and grow with you,"Highly relevant (model match, similarity: 0.42, relevance: 0.90)","('âœ… Positive tone â€“ sounds confident!', 0.36818181818181817)",0.9,0.0,0.63
2025-05-21 08:49:05,Software Engineer,Technical,How do you approach writing scalable code?,i failed but i learn that from these failures i dont have to stop and i have tried best alternative paths that helped me to get the solution ,"Moderately relevant (model match, similarity: 0.67, relevance: 0.60)","('âœ… Positive tone â€“ sounds confident!', 0.25)",0.6,0.0,0.63
2025-05-21 08:49:05,Software Engineer,General,Where do you see yourself in 5 years?,above 90k,Low relevance (similarity: 0.18),"('ğŸ˜ Neutral â€“ consider showing more enthusiasm or details.', 0.0)",0.18,0.0,0.63
2025-05-21 08:49:05,Software Engineer,Technical,What is your process for debugging a complex issue?,i will resolve it and try to solve it (if possible) and if i dont get the  solution i take help from the senior or the person who can solve it,"Moderately relevant (model match, similarity: 0.32, relevance: 0.60)","('ğŸ˜ Neutral â€“ consider showing more enthusiasm or details.', 0.0)",0.6,0.0,0.63
2025-05-21 08:49:06,Software Engineer,Behavioral,Describe a time you had a conflict with a teammate. How did you handle it?,in my app that is about the spell checker,"Highly relevant (model match, similarity: 0.33, relevance: 0.90)","('ğŸ˜ Neutral â€“ consider showing more enthusiasm or details.', 0.0)",0.9,0.0,0.63
2025-05-25 22:42:30,DevOps Engineer,Technical,How do you handle rollbacks during failed deployments?,"In any deployment strategy, I prioritize minimizing downtime and maintaining system integrity. I typically use blue-green or canary deployments where possible, allowing traffic to shift gradually to the new version. If an issue arises, I can quickly redirect traffic back to the stable version without downtime. I also ensure that rollback scripts and version tagging are part of the CI/CD process so that restoring the previous state is a simple, automated task. Pre-deployment smoke testing and post-deployment monitoring act as checkpoints. This proactive approach minimizes the chance of a failed deployment going unnoticed.","Highly relevant (model match, similarity: 0.64, relevance: 0.90)","('ğŸ˜ Neutral â€“ consider showing more enthusiasm or details.', -0.13405483405483407)",0.9,0.06,0.54
2025-05-25 22:42:31,DevOps Engineer,General,What do you know about our company?,"From my research, I understand your company is a leader in cloud infrastructure, known for innovation and a strong engineering culture. What stood out to me is your commitment to open-source contributions. Your recent AWS-2 product launch also signals a growth mindset and ambition, which strongly aligns with what Iâ€™m looking for in my next challenge.",Moderately relevant (similarity: 0.54),"('âœ… Positive tone â€“ sounds confident!', 0.21666666666666665)",0.54,0.06,0.54
2025-05-25 22:42:32,DevOps Engineer,General,What are your salary expectations?,"I'm open to a competitive offer in line with the responsibilities of the role, my experience, and the industry standard. Iâ€™m more focused on the growth opportunities, the impact I can have, and the overall fit. That said, based on my research and market data for this role, I would expect something in the range of 60k to 70k, but Iâ€™m flexible for the right opportunity.","Highly relevant (model match, similarity: 0.46, relevance: 0.90)","('ğŸ˜ Neutral â€“ consider showing more enthusiasm or details.', 0.1976190476190476)",0.9,0.06,0.54
2025-05-25 22:42:32,DevOps Engineer,General,Do you prefer working independently or in a team?,"Both have their place. I enjoy collaborative work because diverse perspectives often lead to better solutions, especially during brainstorming or system design. That said, Iâ€™m also very comfortable working independently, particularly when executing complex tasks that require deep focus. Ultimately, Iâ€™m adaptiveâ€”I assess the need and respond accordingly to deliver results efficiently.",Moderately relevant (similarity: 0.60),"('ğŸ˜ Neutral â€“ consider showing more enthusiasm or details.', 0.16083333333333333)",0.6,0.06,0.54
2025-05-25 22:42:33,DevOps Engineer,General,Why do you want to work at our company?,"Iâ€™m looking for a place where innovation isnâ€™t just encouragedâ€”itâ€™s expected. Your company stands out because of its forward-thinking approach and real impact in the industry. The opportunity to contribute to meaningful projects while learning from a high-performing team is exactly the environment I thrive in. Plus, your emphasis on learning culture resonates with my professional values.","Highly relevant (model match, similarity: 0.61, relevance: 0.90)","('ğŸ˜ Neutral â€“ consider showing more enthusiasm or details.', 0.19)",0.9,0.06,0.54
2025-05-25 22:42:37,DevOps Engineer,General,How do you stay up to date with technology?,"I treat learning as a daily habit, not an occasional task. I subscribe to newsletters like TechCrunch, DevOps Weekly, and Mediumâ€™s Engineering publications. I follow industry leaders on platforms like Twitter and LinkedIn, and Iâ€™m active on GitHub to see whatâ€™s trending in open-source. I also regularly take hands-on courses from platforms like Udemy or Coursera, and experiment in sandbox environments to test new tools. What really helps me stay current is participating in developer communitiesâ€”whether on Stack Overflow or Redditâ€”which exposes me to real-world challenges and solutions.",Moderately relevant (similarity: 0.69),"('ğŸ˜ Neutral â€“ consider showing more enthusiasm or details.', 0.029004329004329005)",0.69,0.06,0.54
2025-05-25 22:42:37,DevOps Engineer,Behavioral,Tell me how you set up CI/CD pipelines in your previous projects.,"In one of my recent projects, I set up a CI/CD pipeline using GitHub Actions and Jenkins for a microservices-based architecture. The pipeline included code linting, unit testing, containerization using Docker, and deployment to Kubernetes via Helm. For CI, I configured webhooks to trigger on pull requests and merges to ensure code quality before integration. The CD side handled blue-green deployments with rollback options using ArgoCD. I also added Slack and email notifications for deployment events and failures. The end goal was to reduce manual intervention, increase deployment frequency, and maintain confidence through automated testing.","Highly relevant (model match, similarity: 0.60, relevance: 0.90)","('ğŸ˜ Neutral â€“ consider showing more enthusiasm or details.', -0.07142857142857142)",0.9,0.06,0.54
2025-05-25 22:42:37,DevOps Engineer,Technical,What tools do you use for infrastructure monitoring?,"I typically use a combination of Prometheus and Grafana for metrics collection and visualization, which gives granular insights into system performance. For log aggregation and analysis, I use the ELK stack (Elasticsearch, Logstash, Kibana) or Loki for more lightweight setups. Alertmanager helps me configure alerts based on thresholds or anomalies. Iâ€™ve also worked with Datadog and New Relic in commercial environments for end-to-end observability. Regardless of the stack, the goal remains the same: to detect issues early, understand root causes fast, and ensure system reliability.","Highly relevant (model match, similarity: 0.61, relevance: 0.90)","('ğŸ˜ Neutral â€“ consider showing more enthusiasm or details.', 0.038528138528138536)",0.9,0.06,0.54
2025-05-25 22:42:38,DevOps Engineer,General,Where do you see yourself in 5 years?,"In five years, I see myself in a leadership role where Iâ€™m not only solving technical problems but also mentoring junior engineers, contributing to architectural decisions, and aligning technology with business goals. I want to be the kind of engineer who raises the barâ€”not just in code quality, but in team culture and innovation. Iâ€™m also passionate about continuous learning, so I aim to expand my expertise in areas like cloud-native architecture and AI/ML integrations where they intersect with DevOps and software engineering.","Highly relevant (model match, similarity: 0.72, relevance: 0.90)","('ğŸ˜ Neutral â€“ consider showing more enthusiasm or details.', 0.13749999999999998)",0.9,0.06,0.54
2025-05-25 22:42:41,DevOps Engineer,General,How do you handle stress and pressure?,"Stress is inevitable in high-impact roles, but how you manage it defines your effectiveness. I handle pressure by staying organized and prioritizing ruthlesslyâ€”I break down big challenges into actionable tasks and focus on solving them step by step. I also lean into preparation; most stressful situations are manageable if youâ€™ve prepared contingencies. Iâ€™ve learned to stay calm by focusing on what I can control, asking for help when needed, and maintaining open communication with the team. I also believe in balancing intensity with recoveryâ€”taking short breaks, reflecting on wins, and keeping a long-term mindset helps me remain consistent and resilient under pressure.",Moderately relevant (similarity: 0.74),"('ğŸ˜ Neutral â€“ consider showing more enthusiasm or details.', 0.06128747795414463)",0.74,0.06,0.54
2025-05-25 22:58:01,Software Engineer,General,Why do you want to work at our company?,"Iâ€™m impressed by your companyâ€™s commitment to innovation and its clear focus on fostering employee growth. Your recent projects in whatever, align with my passion and skill set. I want to contribute my expertise to help you solve complex challenges while growing in a culture that values collaboration and continuous learning.","Highly relevant (model match, similarity: 0.80, relevance: 0.90)","('ğŸ˜ Neutral â€“ consider showing more enthusiasm or details.', 0.1285714285714286)",0.9,0.15,0.32
2025-05-25 22:58:02,Software Engineer,General,Why should we hire you?,"Because I bring a combination of deep technical knowledge, problem-solving skills, and a proven track record of delivering results under pressure. Iâ€™m adaptable, a quick learner, and have strong communication skills that help me bridge gaps between teams and stakeholders effectively.","Highly relevant (model match, similarity: 0.74, relevance: 0.90)","('âœ… Positive tone â€“ sounds confident!', 0.2019047619047619)",0.9,0.15,0.32
2025-05-25 22:58:03,Software Engineer,Behavioral,Tell me about a time you failed. What did you learn?,"Once, I underestimated the complexity of integrating a third-party API, which delayed our release. I learned the importance of thorough research, early prototyping, and communicating potential risks upfront. Since then, Iâ€™ve incorporated better risk assessment practices into my workflow.",Low relevance (similarity: 0.43),"('ğŸ˜ Neutral â€“ consider showing more enthusiasm or details.', 0.19999999999999998)",0.43,0.15,0.32
2025-05-25 22:58:04,Software Engineer,Behavioral,Describe a time you had a conflict with a teammate. How did you handle it?,"In a previous project, a teammate and I disagreed on the implementation approach. I scheduled a one-on-one discussion to understand their perspective, shared my concerns openly, and we agreed on a hybrid solution that leveraged the strengths of both approaches. Open communication resolved the conflict effectively.","Highly relevant (model match, similarity: 0.84, relevance: 0.90)","('ğŸ˜ Neutral â€“ consider showing more enthusiasm or details.', 0.10833333333333334)",0.9,0.15,0.32
2025-05-25 22:58:09,Software Engineer,Technical,How do you approach writing scalable code?,"I start by designing modular, loosely coupled components that can be developed and scaled independently. I prioritize efficiency and readability, use caching and asynchronous processing where appropriate, and continuously profile the code under load. I also write tests to ensure stability as the codebase grows.",Moderately relevant (similarity: 0.73),"('ğŸ˜ Neutral â€“ consider showing more enthusiasm or details.', 0.05934065934065935)",0.73,0.15,0.32
2025-05-25 22:58:09,Software Engineer,General,What kind of company culture do you thrive in?,"I thrive in cultures that encourage transparency, continuous learning, and innovation. Environments where feedback is constructive, collaboration is genuine, and diversity of thought is valued help me do my best work.","Highly relevant (model match, similarity: 0.67, relevance: 0.90)","('âœ… Positive tone â€“ sounds confident!', 0.7)",0.9,0.15,0.32
2025-05-25 22:58:10,Software Engineer,Behavioral,Describe a time when you disagreed with your manager. What happened?,"I once disagreed with a proposed timeline that seemed unrealistic given the technical complexity. I respectfully presented data and alternative approaches to my manager, who appreciated the input. Together, we adjusted the timeline to something achievable without compromising quality.",Moderately relevant (similarity: 0.58),"('ğŸ˜ Neutral â€“ consider showing more enthusiasm or details.', 0.05)",0.58,0.15,0.32
2025-05-25 22:58:11,Software Engineer,General,Do you prefer working independently or in a team?,I enjoy a balance. I like collaborating with teams for ideation and complex problem solving but also appreciate the focus and ownership that comes with independent work.,Moderately relevant (similarity: 0.68),"('ğŸ˜ Neutral â€“ consider showing more enthusiasm or details.', 0.03333333333333335)",0.68,0.15,0.32
2025-05-25 22:58:11,Software Engineer,Situational,What would you do if you're given a project with unclear requirements?,"Iâ€™d start by gathering as much information as possible from stakeholders through questions and existing documentation. Then, Iâ€™d draft a scope document or prototype to validate assumptions and get early feedback. Regular communication ensures alignment as the project evolves.","Highly relevant (model match, similarity: 0.47, relevance: 0.90)","('ğŸ˜ Neutral â€“ consider showing more enthusiasm or details.', 0.0035714285714285865)",0.9,0.15,0.32
2025-05-25 22:58:13,Software Engineer,General,Tell me about yourself.,"Oh, well, I grew up in a small town where everyone knew each other, so community meant a lot to me. I used to spend hours building things with Legos and eventually got into programming. Iâ€™ve always been curious about how stuff works, and Iâ€™m pretty good at figuring things out on my own. Outside work, Iâ€™m into hiking and watching sci-fi movies. Thatâ€™s me in a nutshell.",Low relevance (similarity: 0.39),"('ğŸ˜ Neutral â€“ consider showing more enthusiasm or details.', 0.15357142857142855)",0.39,0.15,0.32
2025-05-25 23:09:36,UI/UX Designer,General,Tell me about yourself.,Not much to say. I studied something related and now I'm here. Just doing this because I have to.,Low relevance (similarity: 0.42),ğŸ˜ Neutral â€“ consider showing more enthusiasm or details.,0.42,-0.05,0.28
2025-05-25 23:09:37,UI/UX Designer,General,Why do you want to work at our company?,I donâ€™t really have a reason. I just applied because it showed up in the listings.,"Low relevance (model match, similarity: 0.24, relevance: 0.30)",ğŸ˜ Neutral â€“ consider showing more enthusiasm or details.,0.3,0.2,0.27
2025-05-25 23:09:38,UI/UX Designer,General,Where do you see yourself in 5 years?,"No idea. Probably not doing this, though.","Low relevance (model match, similarity: 0.40, relevance: 0.30)",ğŸ˜ Neutral â€“ consider showing more enthusiasm or details.,0.3,0.0,0.21
2025-05-25 23:09:38,UI/UX Designer,Technical,What role does usability testing play in your workflow?,"I mean, itâ€™s there. If someone asks me to do it, Iâ€™ll do it. Otherwise, I just go with what looks right.","Moderately relevant (model match, similarity: 0.37, relevance: 0.60)",ğŸ˜ Neutral â€“ consider showing more enthusiasm or details.,0.6,-0.01,0.42
2025-05-25 23:09:38,UI/UX Designer,General,Do you prefer working independently or in a team?,Doesnâ€™t matter. I just get the work done and move on.,Moderately relevant (similarity: 0.51),ğŸ˜ Neutral â€“ consider showing more enthusiasm or details.,0.51,0.0,0.36
2025-05-25 23:09:42,UI/UX Designer,General,How do you stay up to date with technology?,"I donâ€™t really. If something new comes up and I need it, Iâ€™ll Google it.","Low relevance (model match, similarity: 0.38, relevance: 0.30)",ğŸ˜ Neutral â€“ consider showing more enthusiasm or details.,0.3,0.17,0.26
2025-05-25 23:09:43,UI/UX Designer,Behavioral,Tell us about a time when you had to advocate for a design decision.,"Canâ€™t think of a specific time. I usually just go with what others want, itâ€™s easier that way.","Low relevance (model match, similarity: 0.22, relevance: 0.30)",ğŸ˜ Neutral â€“ consider showing more enthusiasm or details.,0.3,-0.12,0.17
2025-05-25 23:09:43,UI/UX Designer,General,Why should we hire you?,I donâ€™t know. You probably have other candidates. Pick whoever.,Moderately relevant (similarity: 0.66),ğŸ˜ Neutral â€“ consider showing more enthusiasm or details.,0.66,-0.12,0.42
2025-05-25 23:09:47,UI/UX Designer,General,How do you handle stress and pressure?,I just ignore it. Itâ€™s not a big deal.,"Low relevance (model match, similarity: 0.38, relevance: 0.30)",ğŸ˜ Neutral â€“ consider showing more enthusiasm or details.,0.3,0.0,0.21
2025-05-25 23:09:51,UI/UX Designer,Technical,How do you incorporate user feedback into your designs?,"If someone complains, I might change it. Depends on the mood, I guess.","Moderately relevant (model match, similarity: 0.56, relevance: 0.60)",ğŸ˜ Neutral â€“ consider showing more enthusiasm or details.,0.6,0.0,0.42
2025-05-31 11:07:21,Frontend Developer,General,What are your strengths and weaknesses?,Iâ€™m a fast learner and I pay attention to detail. But I sometimes take too long trying to perfect things that donâ€™t need it.,Moderately relevant (similarity: 0.53),âœ… Positive tone â€“ sounds confident!,0.53,0.38,0.49
2025-05-31 11:07:22,Frontend Developer,General,Where do you see yourself in 5 years?,"Iâ€™d like to be more confident, experienced, and maybe leading small projects or mentoring junior devs.",Moderately relevant (similarity: 0.64),âœ… Positive tone â€“ sounds confident!,0.64,0.39,0.56
2025-05-31 11:07:23,Frontend Developer,General,What are your salary expectations?,"Iâ€™m open. Iâ€™d like something fair for an entry-level role, but I care more about learning and growing for now.",Moderately relevant (similarity: 0.53),âœ… Positive tone â€“ sounds confident!,0.53,0.4,0.49
2025-05-31 11:07:24,Frontend Developer,General,Why do you want to work at our company?,I really like the kind of work you do and the values you promote â€” it feels like a place where I could learn a lot and fit in well.,"Moderately relevant (model match, similarity: 0.44, relevance: 0.60)",âœ… Positive tone â€“ sounds confident!,0.6,0.4,0.54
2025-05-31 11:07:28,Frontend Developer,Technical,How do you ensure cross-browser compatibility in your projects?,"I stick to standard HTML/CSS practices and test in multiple browsers â€” Chrome, Firefox, and sometimes Safari or Edge.","Highly relevant (model match, similarity: 0.76, relevance: 0.90)",ğŸ˜ Neutral â€“ consider showing more enthusiasm or details.,0.9,0.0,0.63
2025-05-31 11:07:32,Frontend Developer,General,How do you handle stress and pressure?,"I try to break things into steps, focus on one thing at a time, and stay calm. Lists and short breaks help too.",Moderately relevant (similarity: 0.65),ğŸ˜ Neutral â€“ consider showing more enthusiasm or details.,0.65,0.15,0.5
2025-05-31 11:07:36,Frontend Developer,General,How do you stay up to date with technology?,"Mostly by reading dev blogs, watching YouTube tutorials, and trying out new things in side-projects.",Moderately relevant (similarity: 0.65),âœ… Positive tone â€“ sounds confident!,0.65,0.32,0.55
2025-05-31 11:07:38,Frontend Developer,Behavioral,Tell me about a time you optimized a web page's performance.,"In a uni project, I compressed images and removed unused CSS, which made the site much faster.","Moderately relevant (model match, similarity: 0.71, relevance: 0.60)",ğŸ˜ Neutral â€“ consider showing more enthusiasm or details.,0.6,0.2,0.48
2025-05-31 11:07:38,Frontend Developer,Behavioral,What's your approach to working with designers and translating mockups to code?,"I ask questions early, check Figma carefully, and build it in layers â€” layout first, then components and tweaks.","Highly relevant (model match, similarity: 0.53, relevance: 0.90)",ğŸ˜ Neutral â€“ consider showing more enthusiasm or details.,0.9,0.08,0.66
2025-05-31 11:07:39,Frontend Developer,General,Why should we hire you?,"Iâ€™m eager to learn, reliable, and I care about doing things right â€” even if Iâ€™m new, Iâ€™ll give it my best.","Highly relevant (model match, similarity: 0.65, relevance: 0.90)",âœ… Positive tone â€“ sounds confident!,0.9,0.47,0.77
